id;street_number;street;zipcode
1;mindshare Interactions Versatile;Wilderman Spring;Rubber line applications
2;Sports withdrawal Architect;Stuart Station;supply-chains Pants
3;Berkshire Buckinghamshire;Chadrick Garden;override Kids Tasty
4;Awesome;Glenda Port;Berkshire Designer the
5;solution policy Grove;Friesen Street;Timor-Leste
6;Skyway Account;Marquardt Row;contextually-based
7;synthesizing;Veum Turnpike;Avon
8;Account Assimilated optical;Howe Canyon;systemic Account
9;Canada withdrawal;Nels Row;National
10;Taka JBOD state;Botsford Place;invoice
